productKey,folderName,googleDriveFolderUrl
MF 60mm F2.8 APS-C,MF 60mm F2.8 APS-C,
MF 55mm F1.8 Full-frame,MF 55mm F1.8 Full-frame,
MF 50mm F1.8 APS-C,MF 50mm F1.8 APS-C,
MF 50mm F1.05 Full-frame,MF 50mm F1.05 Full-frame,
MF 50mm F1.4 APS-C,MF 50mm F1.4 APS-C,
MF 50mm F0.95 II Full-frame,MF 50mm F0.95Ⅱ Full-frame,
MF 50mm F0.95 APS-C,MF 50mm F0.95 APS-C,
MF 35mm F1.7 APS-C,MF 35mm F1.7 APS-C,
MF 35mm F1.4 Full-frame,MF 35mm F1.4 Full-frame,
MF 35mm F0.95 APS-C Silver,MF 35mm F0.95 APS-C Silver,
MF 35mm F0.95 APS-C Luminous Version,MF 35mm F0.95 APS-C Luminous Version,
MF 28mm F2.8 Full-frame,MF 28mm F2.8 Full-frame,
MF 16mm F2.8 Full-frame,MF 16mm F2.8 Full-frame,
MF 12mm F2.8 Full-frame,MF 12mm F2.8 Full-frame,
MF 12mm F2.0 III APS-C,MF 12mm F2.0 Ⅲ APS-C,
MF 11mm F2.8 II Full-frame,MF 11mm F2.8 Ⅱ Full-frame,
MF 10mm F5.6 PRO APS-C,MF 10mm F5.6 PRO APS-C,
MF 10mm F5.6 II APS-C,MF 10mm F5.6 Ⅱ APS-C,
MF 9mm F5.6 Full-frame,MF 9mm F5.6 Full-frame,
MF 7.5mm F2.8 IV APS-C,MF 7.5mm F2.8 Ⅳ APSC,
LM Adapter,LM adapter,
Brand content,Brand content,
AF 12mm F2.8 Full-frame,AF12mmF2.8 fullframe,
AF 85mm F1.8 Full-frame,AF 85mm F1.8 Full-frame,
AF 50mm F1.4 APS-C,AF 50mmF1.4 APS-C,
AF 35mm F1.8 Full-frame,AF 35mm F1.8 Full-frame,
AF 24mm F1.8 Full-frame,AF 24mm F1.8 Full-frame,
